label,fname,Acoustic_guitar,Bass_drum,Cello,Clarinet,Double_bass,Flute,Hi_hat,Saxophone,Snare_drum,Violin_or_fiddle,y_pred
Violin_or_fiddle,c9fb642d.wav,0.020134328,2.2044722e-05,0.001800614,3.9383784e-05,9.1006106e-05,0.00013137348,5.535067e-07,0.0006963826,0.00026433912,0.9768199,Violin_or_fiddle
Violin_or_fiddle,aab28420.wav,0.00025460485,0.007754649,0.0026839392,0.0006245965,0.00081086054,0.00057002413,5.4505263e-06,0.0053057116,0.00022779514,0.9817623,Violin_or_fiddle
Violin_or_fiddle,2e4a9850.wav,0.13647978,1.0745787e-08,0.0019610575,2.9103653e-06,2.414496e-09,0.00018452966,0.00011752776,8.0843495e-07,2.8960592e-05,0.8612244,Violin_or_fiddle
Violin_or_fiddle,d84c8c43.wav,0.0001307422,0.0020541677,0.004478227,0.0008667756,0.00095499266,0.00040274652,2.0178724e-05,0.00010511596,0.004231173,0.986756,Violin_or_fiddle
Violin_or_fiddle,cdeece57.wav,0.019053007,0.0007390625,0.0015762595,0.00064766576,6.2791594e-05,0.002523721,2.2862883e-05,0.00027388893,0.000113722934,0.9749869,Violin_or_fiddle
Violin_or_fiddle,21346775.wav,0.0009417858,4.5388486e-05,0.0029813973,1.1439335e-05,7.120193e-05,5.9709426e-05,1.4490044e-07,0.013773144,0.0003736369,0.98174214,Violin_or_fiddle
Violin_or_fiddle,d914225a.wav,0.07022925,5.722707e-06,0.003271211,0.00026567982,0.008043764,0.0006473905,1.6655613e-05,0.015216683,0.00048521478,0.9018184,Violin_or_fiddle
Violin_or_fiddle,e3f479f3.wav,0.0063940333,5.0015356e-06,0.026347732,0.0027611621,0.00041556117,0.025274146,6.0717543e-05,0.008814498,0.0006630111,0.929264,Violin_or_fiddle
Violin_or_fiddle,0e7cd4eb.wav,0.012089637,0.0011867264,0.039101947,0.0069816033,0.0036793454,0.0006121786,6.6593752e-06,0.0022166548,0.020085908,0.91403925,Violin_or_fiddle
Violin_or_fiddle,d6144e01.wav,5.205887e-08,7.885077e-13,2.3309983e-06,0.009056506,2.7216122e-06,4.2614474e-06,2.275331e-05,1.086559e-05,4.3179202e-06,0.99089634,Violin_or_fiddle
Violin_or_fiddle,8d7d7dba.wav,0.007249533,0.0003246935,0.030999523,0.011540511,0.00031498,0.0048388755,0.00057680294,0.015144419,0.016805733,0.91220516,Violin_or_fiddle
Violin_or_fiddle,56e79c6f.wav,0.0009419999,1.8355377e-10,0.10498864,0.0007790944,4.5865914e-07,0.025084507,0.0055330475,0.00026896002,0.00401942,0.85838383,Violin_or_fiddle
Violin_or_fiddle,ba648ac1.wav,0.00011501662,1.7266568e-05,0.0064474903,9.2697876e-05,0.00080582924,7.074644e-05,5.598132e-07,3.681933e-05,0.017058484,0.97535515,Violin_or_fiddle
Violin_or_fiddle,1148986e.wav,0.01246485,2.266267e-08,0.001624925,9.530784e-07,2.8237764e-05,6.801277e-05,7.050391e-10,0.0006731393,7.22995e-05,0.9850674,Violin_or_fiddle
Violin_or_fiddle,fec00143.wav,0.00012426947,8.470029e-08,6.630981e-05,2.9166416e-05,1.978017e-06,0.0070584575,4.000354e-06,0.00019501346,1.3326264e-06,0.9925193,Violin_or_fiddle
Violin_or_fiddle,2424ad60.wav,0.00022319194,0.0011119657,0.0029493133,0.001855709,0.001109891,0.020536674,2.8218108e-06,0.005962761,0.0005644245,0.9656832,Violin_or_fiddle
Violin_or_fiddle,1b24c166.wav,0.003368158,0.0032375392,0.0129609285,0.001541208,0.0026546957,0.0060157627,0.0007095142,0.02000532,0.00043126225,0.9490757,Violin_or_fiddle
Violin_or_fiddle,6eb59008.wav,8.159071e-06,1.4128254e-09,1.112683e-05,6.0794578e-06,1.6187975e-06,3.365816e-05,1.27198555e-05,1.0512074e-06,0.0002570366,0.99966854,Violin_or_fiddle
Violin_or_fiddle,b38409bb.wav,1.226246e-08,9.014742e-12,2.5753952e-06,0.0001801015,4.5291486e-08,3.802486e-06,1.198681e-09,4.211422e-09,2.4589133e-07,0.9998132,Violin_or_fiddle
Violin_or_fiddle,cfb9c5fd.wav,0.0042553805,0.01782064,0.0050497553,0.023023335,0.00022655485,0.0042208117,1.7909777e-05,0.0033923658,0.039326083,0.90266734,Violin_or_fiddle
Violin_or_fiddle,2cc8683d.wav,0.0028500494,0.00030915745,0.016376989,0.002662208,0.000572391,0.0072878953,6.895736e-05,6.937958e-05,0.000623812,0.9691792,Violin_or_fiddle
Violin_or_fiddle,c8c117dc.wav,0.0022328899,0.00024263568,0.01061144,4.819714e-05,0.00035421684,9.409086e-05,1.5881006e-06,5.445849e-05,0.011426078,0.9749343,Violin_or_fiddle
Violin_or_fiddle,c6865306.wav,0.06812373,1.2395388e-06,0.06370829,0.008471419,0.00037627845,0.0086756125,6.0362167e-05,0.0075917947,0.0073198318,0.8356716,Violin_or_fiddle
Violin_or_fiddle,7eb9dac0.wav,0.0021708412,0.0007741084,0.0156232985,0.011062369,0.0010686497,0.011992506,0.0017631046,0.0002451105,0.009330105,0.94597006,Violin_or_fiddle
Violin_or_fiddle,7b6a119e.wav,4.4796078e-08,2.1671383e-10,0.002048272,0.004762675,3.630301e-09,0.0061834794,0.00030736253,2.4300086e-06,5.226657e-08,0.9866956,Violin_or_fiddle
Violin_or_fiddle,848faca3.wav,6.2972185e-06,8.976042e-06,0.00025082665,4.8391954e-05,0.00034946547,0.00037734036,4.2529774e-07,3.1646716e-06,7.58064e-05,0.9988794,Violin_or_fiddle
Violin_or_fiddle,642aba58.wav,0.013617173,3.603717e-08,0.0012837809,0.0016981382,2.1248417e-05,0.012074205,2.489236e-08,0.001493269,2.4441226e-06,0.96980965,Violin_or_fiddle
Violin_or_fiddle,b73c3595.wav,1.7805418e-07,3.462161e-11,1.9182089e-07,2.7644264e-05,3.5139195e-08,3.967599e-06,6.4411346e-08,1.0323715e-08,9.115123e-08,0.9999679,Violin_or_fiddle
Violin_or_fiddle,68589f79.wav,0.0019024338,0.010550764,0.008166111,0.0013354939,0.0026307374,0.00027252836,1.5409025e-05,0.0001395451,8.391123e-05,0.9749031,Violin_or_fiddle
Violin_or_fiddle,cdc5fe8e.wav,0.041947063,9.099179e-07,0.0007024546,0.00011150766,0.00045021993,0.008655494,3.2312222e-08,0.0005667446,1.5949943e-05,0.9475497,Violin_or_fiddle
Clarinet,5506629f.wav,0.0003474466,0.009524271,0.0028556138,0.9221647,0.002262035,0.03215594,0.00010116838,0.0018723705,0.025611525,0.0031050793,Clarinet
Clarinet,a64a3740.wav,2.5627447e-08,5.710234e-15,1.044638e-06,0.97904086,1.1573505e-10,0.01542131,3.6632977e-09,6.5336776e-09,7.5308926e-05,0.005461485,Clarinet
Clarinet,8ee44fb5.wav,0.0085870195,2.873392e-11,1.8088144e-08,0.97933656,4.5118497e-08,5.96423e-06,5.9483416e-12,5.7858397e-06,1.2324414e-06,0.012063292,Clarinet
Clarinet,5de123c3.wav,0.0020824298,6.2181147e-13,8.555327e-06,0.96308005,5.6325884e-08,0.0068161725,1.5665657e-12,0.021575857,1.3129192e-06,0.006435603,Clarinet
Clarinet,3c66098d.wav,9.244437e-06,4.3389597e-12,5.553912e-06,0.9844018,3.5718866e-09,0.015582735,6.329682e-13,4.899531e-09,2.2838105e-10,6.3330765e-07,Clarinet
Clarinet,7eb959ec.wav,0.021965189,0.0001112709,0.004098304,0.9654033,0.00011096195,0.00570233,0.0005773877,0.0008866048,0.00026523526,0.00087965216,Clarinet
Clarinet,8916ffcd.wav,0.00010636346,1.7867694e-13,4.3194427e-06,0.99867696,1.6876263e-07,3.4746285e-05,1.7276883e-16,0.0011155517,1.1393537e-08,6.197659e-05,Clarinet
Clarinet,19105b8a.wav,0.024549088,7.042218e-05,0.0009785997,0.930521,0.0011356624,0.028435597,0.0032995197,0.010465082,0.00017584326,0.0003692673,Clarinet
Clarinet,b0c06255.wav,0.018697405,2.9481637e-10,0.013379255,0.9479969,7.4874447e-07,0.003935301,1.3062309e-07,0.015229975,4.644274e-06,0.00075570476,Clarinet
Clarinet,dc981a38.wav,0.026548654,7.86007e-06,0.0036904574,0.7797457,0.007979348,0.17735475,2.5861478e-05,0.0031066185,0.00022862015,0.0013122291,Clarinet
Clarinet,e51e1770.wav,4.800447e-07,1.7323481e-08,0.00011541159,0.988409,0.006744607,0.00432229,1.8263157e-06,0.00017611888,6.256523e-05,0.00016785275,Clarinet
Clarinet,1f81cc2b.wav,0.00087558565,4.461482e-07,0.0009559827,0.9692419,8.6996006e-05,0.027214821,6.453121e-07,0.0010238019,0.00036668853,0.00023329115,Clarinet
Clarinet,ce65d6b5.wav,0.0002768267,3.6728613e-11,5.4572934e-05,0.95735174,7.911448e-07,1.8374296e-05,2.41184e-13,0.042148996,2.1938085e-06,0.00014660647,Clarinet
Clarinet,3cbe9902.wav,0.006612059,0.008602699,0.013553113,0.89629346,0.005244588,0.019442998,0.00013883281,0.00043894586,0.004658206,0.04501522,Clarinet
Clarinet,3c713bcf.wav,4.3353143e-06,2.7606455e-07,0.0010949341,0.99883574,5.6829063e-05,8.901612e-07,9.235892e-07,3.5894088e-06,1.4310906e-07,2.270192e-06,Clarinet
Clarinet,ad7ec8cb.wav,1.3930416e-08,1.35357544e-17,3.2296846e-08,0.99104714,1.2395256e-10,0.0009755214,3.1249664e-14,2.178007e-09,0.00055044965,0.007426988,Clarinet
Clarinet,2fc00271.wav,0.00017537115,1.4306607e-08,0.00016072819,0.99946004,3.6960624e-05,3.1543546e-05,0.00011588584,8.91682e-06,1.8166745e-06,8.861843e-06,Clarinet
Clarinet,740e5bb7.wav,0.0034625332,0.009163046,0.010480272,0.8743417,0.025136784,0.03445989,0.002517179,0.00784248,0.0019348874,0.030661281,Clarinet
Clarinet,e43f7db2.wav,3.342442e-05,1.0371699e-11,0.01530869,0.97916996,2.3113898e-10,0.0049981023,7.836957e-09,0.00043101973,4.767128e-09,5.8835696e-05,Clarinet
Clarinet,3f7e6da8.wav,0.00019814046,5.061932e-08,5.265869e-05,0.9994878,0.000114183065,6.219674e-05,3.1101483e-06,2.2854076e-06,6.544205e-05,1.4224384e-05,Clarinet
Clarinet,800b401e.wav,0.02137717,0.0019583425,0.0044813156,0.96153295,0.008260315,0.0008618902,0.0001510564,0.0007284683,0.00028872784,0.00035964686,Clarinet
Clarinet,44c5094c.wav,7.8566176e-05,5.522507e-12,0.00103751,0.96192455,2.1454253e-08,0.031948272,5.282239e-16,0.0019683433,3.9062238e-07,0.0030425147,Clarinet
Clarinet,71c6451f.wav,0.00010089076,2.2039637e-10,1.3095693e-07,0.915394,6.478697e-05,0.06366808,8.4762947e-10,0.00032667027,0.020172266,0.000273247,Clarinet
Clarinet,a053797b.wav,0.027040288,1.3119558e-11,4.0494397e-05,0.9684257,1.0603019e-05,6.87124e-05,1.7353787e-14,0.0044133416,9.308352e-08,7.1298547e-07,Clarinet
Clarinet,9a722e53.wav,0.00010345128,1.2301991e-12,1.6469744e-07,0.9996513,1.986263e-06,2.6973778e-06,1.6892839e-14,0.00023142304,4.125742e-09,8.907029e-06,Clarinet
Clarinet,ad42e493.wav,0.0013173107,1.2423485e-08,0.00021917216,0.99816865,1.1525341e-06,7.23267e-05,4.098438e-08,0.00019314938,2.6741245e-07,2.8100736e-05,Clarinet
Clarinet,ddf23920.wav,2.9767602e-08,4.327568e-15,1.861918e-09,0.99634355,3.713139e-16,0.0036551934,4.2836993e-12,3.4942313e-11,3.3644013e-14,1.2349533e-06,Clarinet
Clarinet,2e1cd085.wav,5.312395e-09,1.777655e-14,0.00032674256,0.98637223,1.07793094e-10,1.0850049e-05,4.310381e-14,4.7738115e-07,0.0132845985,5.212162e-06,Clarinet
Clarinet,45de3233.wav,0.006729656,0.016091408,0.010190586,0.9146867,0.005054247,0.008501371,0.00013962512,0.0005152235,0.0030180558,0.03507327,Clarinet
Clarinet,f2310f0d.wav,0.046883926,0.003306005,0.014809387,0.88683397,0.0022997027,0.00808977,2.6678152e-05,0.0036301662,0.0005572954,0.03356318,Clarinet
Bass_drum,7d11b3b4.wav,7.3234187e-06,0.9996069,2.1181182e-07,1.8591243e-06,0.0003821759,9.328964e-08,1.8678623e-08,3.0902848e-07,5.714114e-07,4.8797295e-07,Bass_drum
Bass_drum,bea51ca5.wav,0.0016634567,0.9416975,0.007988247,0.000312283,0.04451046,0.0020068402,4.3161964e-07,0.00012775956,7.064248e-06,0.0016860391,Bass_drum
Bass_drum,6d21ad67.wav,1.0957071e-05,0.9108262,0.020343738,3.7523478e-05,0.056994766,0.011635987,3.1855557e-06,3.5522057e-06,0.00011595366,2.8118733e-05,Bass_drum
Bass_drum,809ea09e.wav,6.503021e-05,0.99365395,0.0015506719,0.00016297906,0.0022563334,0.0013468508,3.2413875e-05,1.4823905e-05,0.000120067176,0.0007968306,Bass_drum
Bass_drum,ca3f3698.wav,5.8124533e-05,0.99919754,2.2931918e-07,6.5643496e-07,0.0007429372,9.6412776e-08,3.4912635e-09,1.2605354e-07,2.545533e-08,3.1999093e-07,Bass_drum
Bass_drum,c11bacda.wav,0.005367016,0.9807312,0.0015278101,0.0004526321,0.0045760833,0.0036092622,2.842766e-05,0.00013956006,0.00023660064,0.0033313849,Bass_drum
Bass_drum,ff11628d.wav,0.00014269502,0.96559525,0.0017714404,0.0010342164,0.0024901582,0.014051013,4.8235222e-05,6.917704e-05,0.00023595919,0.014561842,Bass_drum
Bass_drum,6a96272b.wav,3.9576946e-05,0.85246575,7.8139106e-05,0.00029057043,0.14711303,4.981338e-06,7.359718e-10,6.6423684e-07,2.8642467e-06,4.3965033e-06,Bass_drum
Bass_drum,ce3f3400.wav,0.06917419,0.80843234,0.026346473,0.00062984484,0.016201466,0.0006257205,0.00026012404,0.0017798461,0.0110227745,0.065527335,Bass_drum
Bass_drum,7dda9dc2.wav,0.010059922,0.8283936,0.007465765,0.0008120343,0.06920286,0.0059232153,0.00010090862,4.443756e-05,0.056852847,0.021144466,Bass_drum
Bass_drum,9a4bfb69.wav,0.0117283845,0.80673015,0.021305535,0.0034384076,0.13247702,0.004829532,6.611827e-05,0.00011169885,0.00063011696,0.018683024,Bass_drum
Bass_drum,3a9085ca.wav,0.0027347223,0.98253,7.675413e-06,4.451857e-06,0.00061148946,2.6695594e-05,3.6477658e-07,7.927137e-05,0.013975729,2.9529601e-05,Bass_drum
Bass_drum,ce75b5ce.wav,6.329897e-06,0.99862635,1.5749566e-07,8.9299675e-08,0.00014112092,1.6086888e-07,7.9303355e-09,2.5178622e-06,0.0012222142,1.0986538e-06,Bass_drum
Bass_drum,aa9ae956.wav,8.621865e-06,0.9951731,0.00085183757,0.0009836568,0.0016470741,0.0010693576,1.07155865e-05,2.896324e-05,9.871514e-06,0.00021680103,Bass_drum
Bass_drum,c153f347.wav,5.4407843e-05,0.9897009,5.7548955e-06,7.414772e-06,0.010228967,2.7430735e-07,1.7116557e-08,2.677896e-07,3.1842458e-07,1.6837082e-06,Bass_drum
Bass_drum,01c2f88b.wav,0.001826173,0.87061507,0.02076607,0.0009594252,0.025136314,0.019372893,0.00012195236,3.6025856e-05,0.0016432656,0.059522748,Bass_drum
Bass_drum,63e0ab2c.wav,2.6215534e-05,0.99707866,0.00058814633,3.169546e-05,0.0020929938,4.4649034e-05,4.1027397e-06,3.5703285e-06,1.22068595e-05,0.000117717434,Bass_drum
Bass_drum,8b6a16de.wav,0.00018471412,0.9901479,1.8527566e-05,3.1513976e-06,0.009639311,4.2722098e-07,4.808269e-08,2.9567778e-07,2.0260829e-07,5.422322e-06,Bass_drum
Bass_drum,565f3ee2.wav,0.00019796351,0.9916753,0.00027606456,0.00012748178,0.0024650989,4.2645183e-06,2.0023532e-05,0.0022456257,0.0001432092,0.0028449409,Bass_drum
Bass_drum,0ddb4bdf.wav,0.00023124702,0.94874895,0.0020165362,0.00408326,0.028669918,0.008901001,0.0002948619,0.00019382447,0.00087683357,0.0059836013,Bass_drum
Bass_drum,4ba2b70e.wav,0.00011376102,0.9986098,9.294155e-08,1.1570548e-07,8.0339705e-05,7.2838884e-07,4.8103592e-09,9.28664e-05,0.0011016623,6.778318e-07,Bass_drum
Bass_drum,f8a99b37.wav,3.182524e-05,0.9949829,0.0009918596,0.00018197302,0.0017674111,0.0015589144,1.1104126e-05,1.3482723e-05,1.638013e-05,0.00044410847,Bass_drum
Bass_drum,f26131d8.wav,4.1955914e-06,0.99938303,5.702399e-07,2.0797614e-07,4.5923676e-05,2.2979855e-06,6.5975043e-09,7.184733e-08,0.0005603869,3.290332e-06,Bass_drum
Bass_drum,88780eac.wav,0.007390763,0.9375512,0.0036497486,0.00060383306,0.0046302546,0.0074772383,0.00032678517,7.146722e-05,0.034914136,0.0033845827,Bass_drum
Bass_drum,9adffd44.wav,0.008215492,0.968615,0.00074138574,6.0284747e-05,0.022051912,9.974911e-06,1.8536041e-06,2.626925e-05,8.819951e-06,0.0002690135,Bass_drum
Bass_drum,03fc1f96.wav,0.05012276,0.88299215,0.013808298,0.00027457648,0.052219063,0.00010366181,0.0001565391,0.0001820322,3.7319478e-05,0.00010353579,Bass_drum
Bass_drum,cdfc8967.wav,0.005417968,0.6662707,0.034519635,0.006386283,0.07765746,0.012038188,0.0008755612,0.00074028893,0.07611411,0.1199798,Bass_drum
Bass_drum,52e54bdd.wav,0.016683007,0.6809594,0.07519448,0.016092801,0.12557918,0.018344495,0.00036857065,0.00087820954,0.03520612,0.03069379,Bass_drum
Bass_drum,bab98261.wav,1.0160416e-05,0.9994995,3.4963568e-07,1.8764143e-06,0.00048601895,1.443728e-07,3.9739728e-08,4.8243044e-07,3.6445363e-07,1.1354814e-06,Bass_drum
Bass_drum,921eee9d.wav,0.000396781,0.99460775,0.0010242345,0.0017921916,0.0013951296,4.4566983e-05,6.3838393e-06,4.036081e-05,0.0004423545,0.0002503262,Bass_drum
Double_bass,da8ea649.wav,0.0025319718,0.037092853,0.0014566138,0.0004486628,0.95040584,1.2479542e-06,3.9893076e-09,1.3272363e-07,0.007995825,6.687561e-05,Double_bass
Double_bass,f63f3703.wav,0.0036325098,0.01320654,0.010189661,5.584201e-05,0.9587784,0.00010779067,7.423552e-07,1.6388156e-05,3.9075763e-05,0.013973175,Double_bass
Double_bass,462b676f.wav,0.01463244,0.0051611313,0.0050950157,0.019682076,0.95284736,0.00042676812,1.7368073e-07,7.026071e-05,5.5678785e-05,0.0020291985,Double_bass
Double_bass,595c191d.wav,0.017127825,0.0035982009,5.7074558e-05,5.647441e-07,0.9786155,3.2202905e-05,2.8199493e-10,0.00050973473,1.9554059e-06,5.69338e-05,Double_bass
Double_bass,95e1d0ae.wav,0.01773587,0.049429886,0.07527099,0.0021844225,0.8471045,0.0002249487,3.6240315e-05,0.0002846642,0.007151278,0.00057720416,Double_bass
Double_bass,b428466c.wav,0.018940456,0.006305247,0.0018644651,7.8438694e-05,0.97097236,8.753008e-05,1.081566e-05,1.2543303e-05,0.00014651567,0.0015815692,Double_bass
Double_bass,5eadbc6d.wav,0.036149263,0.0018869353,0.004960364,0.00067958253,0.91072404,0.00020966885,1.3536137e-05,0.0003119424,0.00027084918,0.044793736,Double_bass
Double_bass,9dd0141c.wav,0.01879999,0.0001329968,0.01851069,0.0010956128,0.95715046,0.0010281346,1.4754937e-07,0.00034351504,0.00045556287,0.0024828191,Double_bass
Double_bass,13da16ae.wav,0.0010590192,8.3749466e-05,4.1493775e-05,6.2013496e-05,0.99869376,1.711154e-05,9.819844e-10,1.5019791e-06,8.288737e-07,4.0543135e-05,Double_bass
Double_bass,19893aa8.wav,0.030382589,0.00614523,0.008780283,0.004403867,0.89100087,0.007707219,4.34783e-05,0.00015962475,0.0020331887,0.049343616,Double_bass
Double_bass,f042282c.wav,0.02567364,0.026399136,0.029720457,0.0022410185,0.8973178,0.000587686,0.0001303784,6.719937e-05,0.00072999933,0.017132634,Double_bass
Double_bass,642ad7e4.wav,0.0329747,0.0015877135,0.010072736,0.00050700037,0.9515336,9.967016e-05,2.4633664e-06,7.965338e-06,0.0011521021,0.0020620197,Double_bass
Double_bass,e6597186.wav,0.26417142,0.00032907445,0.16248964,0.00067313807,0.47554013,0.00017580349,1.1951593e-07,4.219653e-05,0.09648762,9.078007e-05,Double_bass
Double_bass,6efbaf90.wav,0.0014253618,0.0031665303,0.0050616646,0.0011203163,0.98399985,0.0001226941,4.2832045e-05,7.5705925e-06,0.00057225395,0.0044809543,Double_bass
Double_bass,4fb480bf.wav,0.014352187,0.36635336,0.058608428,0.0067438823,0.51530993,0.014018932,0.00014246411,9.5207244e-05,0.00951973,0.01485597,Double_bass
Double_bass,c0ddf010.wav,0.034585062,0.01750517,0.031148812,0.0024356798,0.90141946,0.0001611398,2.6674456e-05,7.970406e-05,0.00096107327,0.011677236,Double_bass
Double_bass,0286fc27.wav,0.0130567085,0.002622245,0.004324416,0.0015618106,0.94398177,0.0024880543,0.00010325456,0.0009074885,0.001490845,0.029463353,Double_bass
Double_bass,ca348cbb.wav,0.029271109,0.00035635967,0.08021207,0.00022111507,0.84903055,6.6283133e-06,4.648649e-09,5.6462056e-07,0.04089213,9.419487e-06,Double_bass
Double_bass,c840804f.wav,0.02681433,0.01740618,0.01684603,6.756522e-05,0.93661505,5.0398452e-05,3.2446293e-05,6.6734547e-06,4.057702e-05,0.002120864,Double_bass
Double_bass,a0cbe92e.wav,0.001561035,0.061372217,0.008509945,0.011606075,0.89303,0.01023048,0.0006219236,0.00055614894,0.0106691,0.0018430413,Double_bass
Double_bass,deb87700.wav,0.033695694,0.019842684,0.05536714,0.0022398531,0.8758415,0.0057854187,0.00017105945,0.00026542225,0.00077318534,0.0060180156,Double_bass
Double_bass,8ce2e863.wav,2.0356674e-06,1.7476715e-06,3.6114605e-05,7.0615824e-05,0.99988824,8.008405e-07,8.1849736e-14,2.6811723e-08,1.0748541e-09,3.279209e-07,Double_bass
Double_bass,4fd883bb.wav,0.091799185,0.00034820102,0.092124805,0.0029088866,0.8063844,9.921186e-05,1.6687395e-07,3.0073763e-05,0.006249717,5.54137e-05,Double_bass
Double_bass,444f9db5.wav,0.00013894335,3.7303604e-07,0.0011468868,4.532486e-05,0.9655834,0.0012330695,2.772971e-10,0.031713795,9.269885e-05,4.5520374e-05,Double_bass
Double_bass,e0ecd1a6.wav,0.12773244,0.00082167663,0.09896834,0.01790482,0.7047129,8.547964e-05,8.0907483e-07,9.566435e-05,0.04465127,0.0050266343,Double_bass
Double_bass,2ac8b94f.wav,0.029032772,1.2990254e-05,0.054958787,0.0014974141,0.8722603,0.039390452,9.763615e-05,0.0012694618,0.0008260415,0.0006542515,Double_bass
Double_bass,8073923c.wav,0.3507073,0.0023588245,0.083277285,0.024342416,0.4720662,0.0015372385,1.2325027e-06,0.0009722404,0.064258225,0.00047900062,Double_bass
Double_bass,1a7d3f2d.wav,0.13381553,0.00081891735,0.1137801,0.00017147494,0.6739891,7.9698846e-05,8.7069344e-07,1.5396845e-05,0.07714805,0.00018084208,Double_bass
Double_bass,103f29e5.wav,0.0050731134,3.548072e-06,7.940101e-06,3.280594e-05,0.97204995,0.00015824195,1.0353475e-11,4.794561e-06,1.0698486e-06,0.022668542,Double_bass
Double_bass,fcfafbc8.wav,0.0017296566,0.0028461253,0.019614354,0.000195627,0.8849705,2.2424078e-06,4.557226e-08,3.2484346e-07,0.090628825,1.2395902e-05,Double_bass
Saxophone,b120dc90.wav,0.00026403408,0.0007927826,0.011898493,0.0030844717,0.006145465,0.0030018135,0.00065361237,0.9431676,0.0017550138,0.029236577,Saxophone
Saxophone,c1c3c8b9.wav,0.038619094,1.043724e-09,5.4501787e-05,2.7452163e-06,0.0012878628,0.006247223,4.7243372e-11,0.952197,1.7884891e-10,0.0015913493,Saxophone
Saxophone,9c0838c1.wav,0.0044322284,6.286792e-05,0.030818809,0.0008314342,0.00065546116,0.030258648,2.6837519e-05,0.9051896,0.003197898,0.024526244,Saxophone
Saxophone,f8d96888.wav,0.018996142,4.018371e-05,0.04100296,0.005020308,0.0002556654,0.013674665,1.590409e-05,0.89968544,0.016643144,0.0046655363,Saxophone
Saxophone,c685f05f.wav,0.0006197607,0.0017137147,0.0043037324,0.0044037397,0.00012557056,0.008238358,0.002497922,0.9743182,0.002416771,0.0013622491,Saxophone
Saxophone,dba6817d.wav,0.0021147789,3.4919353e-08,0.0532999,0.0003839742,0.00030720187,0.00096090196,4.059696e-05,0.94138956,0.00096742995,0.0005356368,Saxophone
Saxophone,b8c0a88a.wav,0.019194053,7.466618e-09,0.021512903,0.0029114676,1.0083892e-05,0.033863325,1.27688145e-08,0.92055947,0.00013108303,0.0018176101,Saxophone
Saxophone,d6665734.wav,0.010959368,1.6593853e-05,0.045025107,0.00023019535,0.000302394,0.006632304,2.1048372e-06,0.91333157,0.002900694,0.020599632,Saxophone
Saxophone,25f26095.wav,0.0061294455,0.025272567,0.0028505945,0.0029153503,0.0015703549,0.027310777,0.00066128676,0.89299345,0.0019537369,0.038342394,Saxophone
Saxophone,78a86075.wav,0.0020520496,9.046319e-05,0.021277927,0.008067162,0.00043583303,0.005386542,2.5944613e-05,0.9466324,0.00023181515,0.015799886,Saxophone
Saxophone,96dad435.wav,0.0084662335,1.3742754e-08,2.9498574e-06,0.003633495,1.8953984e-05,0.00824794,1.0398583e-10,0.9734227,1.6693358e-06,0.0062062717,Saxophone
Saxophone,5388d14d.wav,0.0005234063,0.025244486,0.014464205,0.003420701,0.00065456424,0.03125247,4.6166726e-05,0.8939476,0.008208159,0.022238424,Saxophone
Saxophone,9cd05a2b.wav,7.952251e-05,1.577196e-09,0.006269516,2.8288467e-05,9.977892e-07,0.0074881865,4.892589e-09,0.98194975,3.3092724e-06,0.004181015,Saxophone
Saxophone,4345851e.wav,0.041074213,0.0013434334,0.020120302,0.0005352319,0.00014301315,0.015508645,5.1473608e-06,0.91289705,0.0017676465,0.006605354,Saxophone
Saxophone,f0d315bc.wav,0.012526479,0.00013163476,0.02432958,0.0061105536,0.00032145198,0.0075366558,0.00017475669,0.9450415,0.0006876404,0.0031396411,Saxophone
Saxophone,2f9c5f62.wav,1.3979503e-05,3.444605e-10,3.712235e-05,0.041464236,1.0165566e-06,1.804301e-05,7.382592e-11,0.9349486,0.023462245,5.4749737e-05,Saxophone
Saxophone,ec6afeb6.wav,0.00025624337,2.8288448e-12,0.00051272404,7.403921e-06,0.00012945413,0.00932112,8.133863e-14,0.9887823,9.861246e-14,0.0009908074,Saxophone
Saxophone,3a80061f.wav,0.015929366,0.004196233,0.008829602,0.0020175427,4.6021705e-05,0.011510713,0.0009801275,0.94136906,0.0061022034,0.009019114,Saxophone
Saxophone,36d20ab5.wav,4.77721e-05,0.0022928978,0.0047895005,0.001167095,0.00012794697,0.007172775,0.00020645146,0.96619534,0.017757218,0.00024313388,Saxophone
Saxophone,7352e28f.wav,1.631399e-05,3.645755e-12,1.2600235e-05,0.0051755565,1.9854016e-07,0.051313203,1.4416573e-10,0.9430552,6.7345517e-12,0.00042686917,Saxophone
Saxophone,c40632d7.wav,0.018086316,0.0026907634,0.024922883,0.019034578,0.010508672,0.025901005,0.00459074,0.85047805,0.0098769665,0.033910066,Saxophone
Saxophone,37cebbd4.wav,5.158619e-05,6.5714593e-11,4.0340733e-06,1.8123857e-06,6.6799623e-07,0.0016060183,4.739174e-09,0.99826866,1.44042795e-08,6.7342335e-05,Saxophone
Saxophone,5d4f8187.wav,0.0001232429,0.00061826647,0.025625356,0.020815646,0.0034323807,0.002441885,0.00048470535,0.94450194,0.00025412458,0.0017025082,Saxophone
Saxophone,ab465bf9.wav,1.3211064e-07,1.1770691e-15,8.386394e-09,6.047094e-06,1.6304216e-09,0.004916694,1.9308534e-11,0.995067,2.6206311e-11,1.0052283e-05,Saxophone
Saxophone,5f0dc8e4.wav,0.003282216,1.4793329e-13,1.6213983e-07,0.0028595976,1.1695641e-06,3.0016987e-05,2.126873e-16,0.9938246,1.5772569e-06,6.474348e-07,Saxophone
Saxophone,ac097834.wav,0.0005003156,1.0477841e-05,0.029779553,0.00050082424,0.00010967557,0.019935628,4.8289826e-07,0.9489405,3.24662e-07,0.00022213266,Saxophone
Saxophone,b83049f4.wav,0.011701689,0.00021144366,0.0022092718,0.03023868,0.005594459,0.0014132853,0.00012359931,0.9430504,2.8492504e-05,0.0054287356,Saxophone
Saxophone,8fa096bf.wav,0.007815622,0.0022760937,0.009243558,0.008803067,0.00066606584,0.00847573,0.002328343,0.9418752,0.00095137436,0.01756476,Saxophone
Saxophone,c1948f24.wav,0.001728734,2.3294142e-09,2.6032652e-05,0.005334825,0.0068651494,0.023265911,6.70165e-10,0.96275145,4.1711985e-08,2.7833277e-05,Saxophone
Saxophone,d94c94f0.wav,0.000874844,0.00010283243,0.025670348,0.016621538,4.2621457e-05,0.00016993615,0.001479097,0.9435484,0.0046648527,0.0068254373,Saxophone
Flute,6b27a847.wav,6.0802467e-06,1.3472463e-08,0.005678695,0.021874871,7.5275395e-08,0.9698031,4.0599634e-06,1.4386223e-05,1.6827313e-05,0.0026018412,Flute
Flute,562d93f5.wav,0.0038082197,0.0012787803,0.013058752,0.04146231,0.0006593925,0.90925276,0.0002947984,0.013813704,0.014388145,0.0019832093,Flute
Flute,07db7f16.wav,0.0001586773,0.015646132,0.0063330727,0.04228452,0.0040485044,0.9117301,7.7573175e-05,0.00024592614,0.0015764288,0.017898932,Flute
Flute,3707da71.wav,0.02146884,1.4633149e-06,0.03164274,0.042551976,0.0013365415,0.840552,0.026661573,0.01356609,0.004828683,0.01738996,Flute
Flute,6ef82473.wav,0.018696452,4.4831036e-06,0.017560426,0.03308481,0.017249674,0.84797996,0.009180824,0.04989746,9.140149e-06,0.006336759,Flute
Flute,9f6eac9c.wav,0.0012607836,2.2900511e-07,0.0011836891,0.009509261,0.00025108908,0.98238397,7.251094e-06,0.004484624,5.6698074e-05,0.0008625039,Flute
Flute,35e97db3.wav,2.4458058e-10,2.3978942e-17,5.003153e-07,0.011373503,1.5783089e-13,0.98862547,1.5079785e-12,1.3398632e-09,2.7404732e-16,5.5252735e-07,Flute
Flute,4bcc8a77.wav,0.042203277,4.5168812e-07,3.7201204e-05,0.0021907566,0.0022058662,0.9399514,5.0313167e-09,0.011697814,0.00067092234,0.0010423299,Flute
Flute,84f5b84b.wav,0.0031907063,3.684976e-08,3.6004349e-06,8.840569e-05,2.1398596e-06,0.99636143,3.5913245e-11,1.8576387e-05,2.3894023e-08,0.0003355586,Flute
Flute,b0d9849d.wav,0.010533257,0.0037491976,0.021329802,0.03769495,0.0015904908,0.90401983,5.38597e-05,0.0017886664,0.007714077,0.011525855,Flute
Flute,61c914b1.wav,1.1459603e-07,1.3437514e-07,0.0004446351,0.28668642,9.634953e-06,0.71283245,1.0520675e-09,2.135063e-06,3.984099e-08,2.4286903e-05,Flute
Flute,5d040c3b.wav,0.0069613513,1.2166838e-05,0.0031174708,0.00016331371,0.0006205316,0.9800676,3.646472e-06,0.0015161398,0.004740062,0.0027976169,Flute
Flute,ca8653d2.wav,0.0035345114,1.8219915e-06,0.010067746,0.01198612,0.00030681412,0.9420407,9.407106e-07,0.027694924,3.7690985e-05,0.0043289857,Flute
Flute,6a037ddf.wav,0.0011381651,0.015426277,0.011984907,0.0057812314,0.0020062667,0.92177826,0.00018490848,0.0018961417,0.011524772,0.028278908,Flute
Flute,8986cced.wav,1.3601653e-05,1.8035462e-05,8.313887e-05,0.0016786577,0.002257008,0.9946517,7.0713884e-07,4.080186e-05,0.0010466984,0.00020978255,Flute
Flute,55d52a69.wav,0.0005445363,0.0013352236,0.011140545,0.011915602,0.0011281483,0.936195,0.00031973518,0.0020542862,0.00030002295,0.035066925,Flute
Flute,9f522cda.wav,0.001435657,8.248566e-12,0.00024360996,0.012692437,1.4483757e-05,0.9814123,5.032942e-07,0.001061229,5.9571715e-07,0.0031392172,Flute
Flute,5d73ee6f.wav,0.018370003,0.0061615016,0.029363798,0.017765002,0.004764433,0.8038321,0.0009821166,0.017644675,0.019345969,0.081770286,Flute
Flute,1b93aeba.wav,0.015479093,1.1713546e-08,0.00016308595,0.0011470234,0.009057614,0.9413844,1.2746081e-07,3.3339606e-06,0.00039087547,0.032374434,Flute
Flute,c683f28f.wav,0.021198666,1.952466e-11,1.15253315e-05,0.00063042797,5.036876e-09,0.9778899,3.5372546e-14,1.1829263e-05,7.776336e-10,0.00025764253,Flute
Flute,f5e20dce.wav,0.09366915,0.0009954622,0.044241842,0.029317169,0.013694455,0.7547758,0.0005678489,0.039127093,0.0062443307,0.017366802,Flute
Flute,fa32109e.wav,0.0024902585,0.00022337465,0.0033694915,0.036437303,0.00031375134,0.9421759,1.0238499e-05,0.0037752925,0.00014314825,0.011061128,Flute
Flute,fe76c972.wav,0.0305729,6.051025e-07,0.028593399,0.0036660212,2.7440581e-05,0.9248724,2.9938731e-09,0.009171724,5.3537127e-07,0.0030950205,Flute
Flute,b4b2b68d.wav,0.022785265,0.00012244619,0.03815246,0.0094706435,0.0032035774,0.88600045,4.168454e-06,0.01358391,0.0018449073,0.024831934,Flute
Flute,18865530.wav,4.5244342e-05,2.4813506e-08,1.350773e-06,0.00093688176,0.00011320855,0.9700588,4.231138e-06,5.1409274e-06,0.0074981963,0.02133694,Flute
Flute,d14f5df1.wav,0.024922827,5.301803e-06,0.00558367,0.008532489,0.0017212619,0.930582,0.00023531227,0.022643093,8.840636e-06,0.005765219,Flute
Flute,dc6676ff.wav,8.334233e-06,3.3001957e-08,0.0042576715,0.017822176,3.1364143e-06,0.95022714,0.0033046904,0.0024410929,8.001063e-05,0.021855677,Flute
Flute,85d6a7d2.wav,0.013622639,1.6698625e-08,0.014550776,0.006268584,3.4757515e-05,0.92610687,2.1441369e-05,0.037762918,1.3837091e-06,0.0016308064,Flute
Flute,3eaddda8.wav,0.060513973,3.9045226e-05,0.07006395,0.013030689,0.0006874575,0.786327,4.5441237e-05,0.033767853,0.005705316,0.029819163,Flute
Flute,af227d6f.wav,0.01530285,2.028037e-07,0.009153873,0.010419472,0.00016373962,0.9298933,1.5503545e-05,0.030652203,3.2934196e-05,0.004365924,Flute
Cello,6a210ffa.wav,0.019362876,0.0022934342,0.8772761,0.0050580916,0.052132417,0.0074492954,6.39197e-06,0.0002222547,0.035326708,0.00087226793,Cello
Cello,88500b88.wav,0.012140978,0.004441727,0.90161586,0.0013655032,0.018421357,0.015950808,1.352008e-05,0.031244772,0.0085679265,0.0062375343,Cello
Cello,81d9f077.wav,0.0033835764,0.000865235,0.9084335,0.030758044,0.044785812,0.0026878852,3.2190453e-06,0.002528195,0.0040725647,0.0024820082,Cello
Cello,743ae0f9.wav,0.042362146,0.035156265,0.730329,0.0066730557,0.09944712,0.0029399968,0.00011328092,0.00030993164,0.009947309,0.07272185,Cello
Cello,d328db67.wav,0.0078389365,1.975405e-05,0.95711255,0.009567078,0.0008456365,0.00032706105,3.610723e-06,0.002631529,0.017739173,0.0039147674,Cello
Cello,7d896090.wav,0.04211147,0.007379321,0.7961349,0.03450382,0.016859397,0.023411492,0.00048779836,0.016577153,0.02565404,0.0368806,Cello
Cello,e55c5160.wav,0.020872595,0.0069829966,0.86378515,0.025347402,0.0040903823,0.017242648,9.837226e-05,0.008514111,0.027201535,0.025864722,Cello
Cello,811bf309.wav,0.01362352,0.0014551679,0.9084793,0.00023209566,0.007532429,0.0006402922,1.3247624e-05,0.00018432761,0.007953753,0.059885923,Cello
Cello,e97d9707.wav,0.005493449,0.0028042297,0.9062149,0.002257037,0.006748274,0.007869385,0.00015422939,0.0028620777,0.0320299,0.033566743,Cello
Cello,5689818f.wav,0.04779497,0.016871443,0.8607524,0.0013436622,0.0089014545,0.0016591876,7.018134e-05,0.00030982718,0.001738492,0.06055835,Cello
Cello,125e6ccf.wav,0.0007738508,3.959549e-07,0.97996813,1.28181655e-05,4.403406e-05,1.8848694e-05,4.50713e-09,3.4138532e-06,0.0058477917,0.01333071,Cello
Cello,ab8e8ae3.wav,0.010830364,0.0052435966,0.9440316,0.018285194,0.0038739974,0.010751504,5.525738e-05,0.0006015648,0.005646802,0.0006801938,Cello
Cello,e70c41d4.wav,0.0069255703,1.4314506e-06,0.95448786,0.00051364274,1.22326655e-05,0.010382204,6.779302e-07,0.010621367,4.2023148e-05,0.017013036,Cello
Cello,cbc8d551.wav,0.0533903,0.04866048,0.7297323,0.000765029,0.0048115877,0.014515712,0.000109079185,0.0027243271,0.023840675,0.121450454,Cello
Cello,4bff8f32.wav,0.044183113,0.008001114,0.8812716,0.0031450866,0.06094047,0.00020189302,1.3129225e-05,0.00012281683,0.0018488283,0.00027209998,Cello
Cello,195f544d.wav,0.029169628,0.0063486504,0.82128036,0.0014180903,0.0013298588,0.03399151,0.0028934125,0.020441985,0.011560606,0.07156591,Cello
Cello,9e3bc1b6.wav,0.018360106,7.9377125e-05,0.9245207,0.008581575,0.0058744405,0.002712346,6.3594152e-06,0.0011265773,0.0380989,0.00063949596,Cello
Cello,238b16a5.wav,0.05196881,0.0028507195,0.7217042,0.0021034293,0.18884788,0.0011955966,1.2802235e-06,0.0005528364,0.02968824,0.0010870255,Cello
Cello,2da9e12a.wav,0.022425048,0.015365698,0.9136473,0.00233588,0.022998875,0.003674255,2.9940149e-05,0.0003946969,0.016665285,0.0024629289,Cello
Cello,34e4d187.wav,0.059856288,0.030244447,0.7980528,0.0014814859,0.081273146,0.0057372386,0.0044585415,0.0027271376,0.007947171,0.008221761,Cello
Cello,31dbc5c0.wav,0.036716554,0.010440134,0.8377232,0.00017291577,0.021676412,0.017382637,2.3498687e-06,0.0024232205,0.00074908265,0.07271337,Cello
Cello,22bea889.wav,0.041552078,0.003033676,0.8503536,0.009283971,0.051761556,0.0009659387,7.954974e-06,0.0007191302,0.04014759,0.0021745968,Cello
Cello,5e5bca7a.wav,0.027514396,0.016697388,0.84700537,0.003916301,0.035569478,0.00395471,5.2448784e-05,0.0014985739,0.006491099,0.05730031,Cello
Cello,00353774.wav,0.039477486,0.0010083276,0.90814453,0.00035094752,0.005764768,0.010879605,0.011171966,0.0048327865,0.0069656093,0.011403839,Cello
Cello,3e2bddda.wav,0.034745846,6.5650784e-05,0.9032665,0.008271869,0.00074707647,0.0021941962,0.002590854,0.021182379,0.0015507258,0.025384815,Cello
Cello,f9653de8.wav,0.043355495,0.06610048,0.71415955,0.01121803,0.11597206,0.004079816,5.747702e-05,0.00080590864,0.0011382152,0.043112982,Cello
Cello,a59b5a08.wav,0.015577339,0.04834624,0.84004,0.008634302,0.036492348,0.0015420881,0.000115199764,0.0002713967,0.00803018,0.040950853,Cello
Cello,dc5be9d7.wav,0.022460772,0.0022890356,0.94667387,0.0006589057,0.016554665,0.00070183247,4.299725e-06,0.00015181067,0.009934501,0.0005703787,Cello
Cello,0091fc7f.wav,0.03676159,0.0050608534,0.7329987,0.053671267,0.07376404,0.010258344,3.3477972e-05,0.006655992,0.01469292,0.06610271,Cello
Cello,e2d993ec.wav,0.043933757,0.0021474282,0.82821095,0.013248461,0.002530839,0.01513199,0.0002455555,0.00021773198,0.008944302,0.08538899,Cello
Hi_hat,f0dfe343.wav,1.4217028e-13,8.2006686e-16,9.932139e-08,5.3218532e-08,1.5082152e-13,1.2965158e-07,0.9999384,6.133608e-05,4.9912945e-09,6.748211e-09,Hi_hat
Hi_hat,da3f8050.wav,1.5303196e-12,8.154677e-15,1.2208914e-06,6.3079235e-05,3.5287435e-12,9.5208996e-08,0.999919,8.804962e-06,1.593823e-09,7.7862605e-06,Hi_hat
Hi_hat,73677128.wav,1.150509e-14,8.823345e-18,1.2462853e-11,8.002395e-07,2.9302502e-13,3.5524406e-10,0.99999917,2.8598707e-08,6.158351e-09,4.5249884e-08,Hi_hat
Hi_hat,d6854eb4.wav,0.01564456,0.0014693872,0.0036449537,0.00020145194,8.017954e-05,0.0010254337,0.9682955,0.0055287555,0.0016355778,0.0024742386,Hi_hat
Hi_hat,a1b369d7.wav,2.4472955e-11,4.1724733e-15,1.6203903e-11,5.0387985e-07,3.777776e-12,1.0230431e-06,0.999863,4.932589e-09,3.4666297e-08,0.00013534154,Hi_hat
Hi_hat,5ec7ad26.wav,6.423502e-10,1.1335084e-15,3.1240543e-10,2.928841e-08,3.3146253e-11,1.242689e-09,0.99999976,1.0161398e-07,1.1864517e-09,2.347936e-07,Hi_hat
Hi_hat,aed9d22f.wav,4.8476702e-11,1.2219674e-16,3.822909e-09,6.032942e-09,2.2717196e-11,1.7272129e-06,0.9999969,8.442113e-07,2.5046577e-07,2.9895176e-07,Hi_hat
Hi_hat,3aafb6ad.wav,4.496832e-08,2.8445877e-09,4.1367515e-05,0.0077845585,1.1010611e-08,8.863584e-06,0.99164695,2.1775706e-05,4.4799285e-07,0.0004960671,Hi_hat
Hi_hat,3d3439f1.wav,7.0588486e-09,3.606095e-15,2.9013314e-11,2.5256057e-09,1.7018597e-11,5.5450356e-11,1.0,2.6519248e-10,9.51416e-09,3.3368035e-08,Hi_hat
Hi_hat,34a90030.wav,7.8243385e-13,1.6555556e-19,6.4168536e-12,9.477571e-10,2.6131693e-15,8.935007e-11,1.0,3.2661085e-08,1.8232254e-12,8.124592e-10,Hi_hat
Hi_hat,06c48eab.wav,4.0542323e-05,8.5896096e-11,1.6850327e-05,0.00023294966,1.141366e-07,6.097283e-06,0.99968314,2.9104742e-06,9.4541356e-08,1.7426815e-05,Hi_hat
Hi_hat,3a3d0279.wav,6.8407124e-09,1.6971365e-12,1.9847686e-09,2.8495572e-06,1.661943e-10,2.6784622e-10,0.999994,6.587752e-09,3.4463884e-08,3.1629968e-06,Hi_hat
Hi_hat,52300f9b.wav,2.7965515e-16,2.0165844e-19,5.915227e-11,2.2899174e-10,1.3522207e-15,2.0479378e-12,1.0,1.4589373e-10,6.594259e-11,8.7963964e-10,Hi_hat
Hi_hat,09a1cfd7.wav,1.6685852e-09,1.4075786e-13,2.5318705e-09,1.1654305e-05,2.3266071e-10,4.3199233e-10,0.9999852,5.2493937e-07,2.3181692e-06,2.3207762e-07,Hi_hat
Hi_hat,468f9c4c.wav,0.019600255,7.585422e-05,9.356865e-05,0.0016864686,0.0024591156,0.0006781124,0.9748177,7.8801495e-06,0.00010321942,0.00047792456,Hi_hat
Hi_hat,078f7ac0.wav,3.5241892e-12,3.2427263e-15,2.3464537e-09,1.7989183e-08,3.007451e-12,3.4980676e-08,0.9999951,4.1523574e-08,5.8371885e-08,4.812059e-06,Hi_hat
Hi_hat,612702c3.wav,5.4065232e-08,1.1154994e-15,1.593024e-08,3.8584144e-06,1.6122608e-09,0.00018086971,0.9997972,3.0371476e-07,8.745326e-07,1.6893327e-05,Hi_hat
Hi_hat,2032be87.wav,6.9398574e-16,1.1204373e-18,2.3193973e-11,5.334575e-07,4.3334785e-14,1.042701e-09,0.9999994,1.6993283e-07,1.0175558e-08,1.388633e-10,Hi_hat
Hi_hat,99c96a07.wav,5.165541e-06,4.7566044e-08,3.1006426e-08,2.4797216e-06,5.7991775e-07,1.8613657e-07,0.9997778,1.4021896e-09,0.00021211091,1.5818918e-06,Hi_hat
Hi_hat,a7964699.wav,2.0818902e-10,1.3961444e-12,2.2324454e-07,0.00016709373,2.3926126e-09,6.148565e-08,0.99982005,6.32693e-06,1.2027734e-08,6.0318393e-06,Hi_hat
Hi_hat,0ed06544.wav,2.778301e-14,3.6201813e-19,3.4523745e-11,1.0418489e-07,1.871419e-14,9.0743364e-11,0.9999999,9.7447646e-08,1.5160252e-10,2.434287e-09,Hi_hat
Hi_hat,41897c32.wav,1.1694525e-10,2.5406492e-14,2.6207467e-09,8.592028e-06,1.6419473e-11,1.2050272e-05,0.99917984,1.5873347e-08,2.530531e-08,0.00079946115,Hi_hat
Hi_hat,493c247b.wav,1.3222485e-12,1.3000914e-15,6.099569e-08,1.8016462e-05,1.6727989e-13,4.86604e-09,0.9999787,3.177025e-06,4.555683e-09,9.9878676e-08,Hi_hat
Hi_hat,2503aaa1.wav,1.4254208e-12,1.5981408e-14,2.7663918e-09,1.0539319e-06,6.485755e-12,6.304014e-08,0.9999947,2.1385371e-07,3.9005e-09,4.0052005e-06,Hi_hat
Hi_hat,e897db78.wav,9.0553337e-10,3.6999835e-15,3.073432e-10,2.802791e-09,5.1230487e-12,1.03151744e-10,0.9999999,6.4867073e-10,1.3220948e-10,1.3596906e-07,Hi_hat
Hi_hat,8cd809d3.wav,2.334144e-09,5.769835e-12,6.6829307e-07,0.0013460018,8.627299e-09,7.032105e-07,0.9986451,5.945459e-06,2.1185492e-07,1.2061395e-06,Hi_hat
Hi_hat,c53a217e.wav,4.5871315e-13,3.6307293e-17,3.5172218e-10,2.0404136e-07,1.06424926e-13,6.828252e-11,0.9999997,2.2158972e-07,7.575105e-11,1.29100055e-08,Hi_hat
Hi_hat,b31ed1fb.wav,1.0020609e-06,4.1214294e-09,3.7131804e-07,5.7997295e-07,4.0486117e-09,5.8508144e-06,0.9992463,8.709423e-06,0.00065059593,8.665907e-05,Hi_hat
Hi_hat,da4b0379.wav,7.38465e-12,8.223225e-19,2.7146594e-12,5.331769e-10,4.732188e-14,8.9718223e-13,1.0,9.531924e-10,1.0077337e-12,1.6925563e-09,Hi_hat
Hi_hat,a090c45a.wav,4.1951284e-10,6.536265e-14,7.510888e-12,7.05553e-08,2.325279e-12,2.6820891e-11,0.9999992,1.209764e-10,5.911662e-09,7.9396324e-07,Hi_hat
Snare_drum,ae7d1c37.wav,3.3371936e-05,5.9350612e-05,0.0011270798,2.8063767e-05,2.148403e-06,1.9605857e-05,7.5285675e-06,0.0036345872,0.99465084,0.00043754163,Snare_drum
Snare_drum,46b52f97.wav,2.4749056e-08,1.7822032e-12,2.2650174e-07,2.1082634e-07,7.4120323e-09,3.1514803e-06,2.0014048e-05,1.08511806e-07,0.9999762,4.205749e-08,Snare_drum
Snare_drum,1c9a423f.wav,2.0999065e-09,2.178125e-14,2.465534e-07,1.9455801e-07,1.3712826e-08,0.00050468167,1.0089964e-10,1.3465439e-09,0.99941504,7.984036e-05,Snare_drum
Snare_drum,9320c55f.wav,0.001071073,1.3007847e-05,0.0023641002,5.740337e-07,7.2129487e-06,0.00014038163,1.00927455e-05,0.00014104893,0.9910041,0.0052485038,Snare_drum
Snare_drum,229be2be.wav,3.4802142e-05,1.096874e-06,3.705116e-05,3.892292e-07,6.38127e-07,8.039722e-07,7.0499727e-06,9.231634e-10,0.9999177,5.1995954e-07,Snare_drum
Snare_drum,82d4fb44.wav,1.9546437e-07,1.6194693e-07,2.119431e-05,1.5678332e-06,1.9647379e-08,1.7483024e-05,0.02465193,2.8557533e-05,0.9711915,0.0040873825,Snare_drum
Snare_drum,1e3391d5.wav,9.889291e-05,2.0967364e-06,5.7781795e-05,0.0003473912,5.4309272e-05,1.0397608e-05,1.8505288e-09,6.4122974e-06,0.99924743,0.00017536938,Snare_drum
Snare_drum,22e1c02c.wav,0.0001516601,2.8223092e-06,0.00031772727,3.994525e-06,2.161064e-05,6.694732e-05,4.190953e-06,7.937738e-06,0.99922496,0.0001980401,Snare_drum
Snare_drum,b6cbc6a9.wav,1.1125495e-08,3.2672147e-09,1.0611942e-05,3.927184e-09,6.1733467e-09,9.573292e-08,6.3524596e-05,4.2567284e-05,0.999883,1.8710723e-07,Snare_drum
Snare_drum,cae0d841.wav,1.3006165e-07,2.0810048e-13,1.07654955e-07,2.0542234e-07,5.462358e-09,4.8576985e-05,0.00079865014,2.2243398e-07,0.999151,1.0595032e-06,Snare_drum
Snare_drum,e8e00924.wav,0.00586314,7.975254e-05,2.1945878e-05,2.3444436e-08,7.2382713e-06,2.3497774e-05,2.7121672e-08,4.607443e-06,0.993871,0.00012884986,Snare_drum
Snare_drum,b218444c.wav,0.0028939117,6.964596e-05,0.007887915,0.0008919194,0.0002970963,5.2030828e-05,2.7853725e-06,0.00015968774,0.9852778,0.0024672665,Snare_drum
Snare_drum,6fca680b.wav,2.1778253e-05,3.9264573e-06,4.1772855e-05,5.669805e-05,8.585e-05,1.9042733e-06,7.428316e-08,1.2273572e-05,0.99974364,3.2142292e-05,Snare_drum
Snare_drum,e4958adc.wav,1.7534172e-09,3.6222056e-07,1.8080178e-07,3.2034377e-06,1.4178084e-09,4.373697e-08,3.3927992e-11,3.0525298e-09,0.9999963,6.803363e-08,Snare_drum
Snare_drum,5c33d972.wav,0.0015060162,0.0010605834,0.008864229,0.00012112803,0.0007021796,0.00016477096,8.358091e-06,2.2112255e-05,0.982248,0.005302581,Snare_drum
Snare_drum,f1754aea.wav,8.0191916e-05,0.0004725023,0.00041978798,3.0049432e-06,6.1058076e-06,7.4820215e-05,1.6556189e-05,1.5769714e-07,0.9989188,8.1238795e-06,Snare_drum
Snare_drum,36d06cc0.wav,8.267223e-08,5.609112e-07,2.2319774e-08,1.1098104e-08,5.1861465e-10,3.859373e-08,9.476748e-09,4.3943746e-07,0.99998873,1.0166935e-05,Snare_drum
Snare_drum,0c67f402.wav,1.4682242e-07,2.6111113e-06,1.73943e-08,1.2540368e-08,2.008543e-08,1.2115501e-08,3.894789e-09,7.388934e-07,0.9999965,5.982869e-08,Snare_drum
Snare_drum,31db8c5e.wav,0.00036287817,1.268154e-05,0.00012561372,8.826053e-07,4.6714922e-05,2.1155254e-06,8.5638567e-07,3.6478748e-06,0.99895006,0.0004944712,Snare_drum
Snare_drum,c8ecbbfd.wav,5.6519425e-06,1.9066216e-06,4.047189e-06,1.1356641e-07,1.0136923e-05,8.099076e-06,1.3462694e-06,4.671812e-06,0.99996215,1.8332368e-06,Snare_drum
Snare_drum,9d308738.wav,7.897601e-05,1.3252238e-05,0.004140814,3.917482e-06,2.724255e-06,0.00035051702,0.0001348405,0.00018248845,0.9948004,0.0002919889,Snare_drum
Snare_drum,ff3f21e7.wav,8.3841144e-07,1.4607666e-06,3.8154652e-05,2.140423e-05,2.6838012e-09,2.0176558e-06,4.940786e-07,2.5652862e-05,0.9995208,0.00038915625,Snare_drum
Snare_drum,1bc8eae1.wav,0.003236083,3.469132e-07,1.5671274e-05,9.063324e-09,8.212818e-06,4.79828e-05,0.00013962013,2.267066e-05,0.9965234,6.1233554e-06,Snare_drum
Snare_drum,b68f10af.wav,8.242962e-05,0.00046742667,0.00090288406,0.0021516788,2.9244693e-05,0.006785354,0.0008266109,0.0043672184,0.9843198,6.7464476e-05,Snare_drum
Snare_drum,4c4d4797.wav,2.2752877e-06,3.9172212e-07,1.0140151e-05,2.2378883e-06,1.0422693e-05,2.2012922e-05,6.349464e-07,5.0907536e-05,0.99984765,5.3312946e-05,Snare_drum
Snare_drum,b86b5a96.wav,1.5191706e-05,5.082122e-06,8.6717555e-05,0.00023104553,1.2425076e-06,0.0001441683,0.002056083,8.700286e-05,0.99687606,0.00049738603,Snare_drum
Snare_drum,9f84ea5a.wav,0.0040409123,8.8202586e-07,0.002209374,0.0006218924,0.00025992634,0.00017497403,1.5282379e-09,5.153469e-05,0.9924544,0.00018600078,Snare_drum
Snare_drum,f0727eac.wav,8.0890175e-08,6.743757e-10,1.8758603e-05,2.0625707e-08,8.4774743e-10,2.3997336e-06,0.026832195,3.7572336e-06,0.9731359,6.8620097e-06,Snare_drum
Snare_drum,5ce40b1b.wav,0.00067359273,1.3948331e-06,0.00017313329,5.7488376e-07,5.9581207e-06,0.00013602115,1.8825367e-05,2.8464904e-06,0.99898463,3.20472e-06,Snare_drum
Snare_drum,4c590f69.wav,0.0019751643,2.4736815e-05,0.0020775269,0.00035299629,0.00022491103,0.0001249765,8.337237e-05,4.5089262e-05,0.99490476,0.00018658533,Snare_drum
Acoustic_guitar,236cbab1.wav,0.94932866,0.0014475433,0.0037131275,0.002714045,0.020554388,0.00048358194,2.9271248e-05,0.00237972,0.01921279,0.00013707322,Acoustic_guitar
Acoustic_guitar,a25423a8.wav,0.9131558,0.00077197904,0.0019454226,0.0038812777,0.07659009,0.0008116678,6.0068835e-08,0.0021885063,5.6688907e-05,0.000598579,Acoustic_guitar
Acoustic_guitar,70ca9c77.wav,0.80720943,0.00032135507,0.021882992,0.033759266,0.06481195,0.0009479466,5.2216283e-08,7.807022e-05,0.07092585,6.316567e-05,Acoustic_guitar
Acoustic_guitar,2016d256.wav,0.9873551,6.096119e-14,4.7825927e-10,0.012636153,2.9435517e-08,7.731503e-08,1.8692545e-18,8.337209e-06,9.554668e-12,2.3935425e-07,Acoustic_guitar
Acoustic_guitar,367ad7b1.wav,0.8654435,6.5378794e-07,0.00047952344,0.000628277,0.13209215,0.00010051341,4.1564777e-10,2.6536814e-05,0.0003954806,0.0008333257,Acoustic_guitar
Acoustic_guitar,0eeaebcb.wav,0.998484,8.917913e-07,0.001003342,1.0575992e-05,5.259239e-05,0.00043259095,1.1843385e-09,9.1790835e-06,6.106223e-06,6.9640913e-07,Acoustic_guitar
Acoustic_guitar,16c9a838.wav,0.9493631,1.384894e-06,0.0006715111,0.03235907,2.587983e-05,0.0006346952,3.845191e-12,2.874523e-05,3.5953514e-07,0.016915137,Acoustic_guitar
Acoustic_guitar,673defaf.wav,0.9995264,2.1496353e-08,2.9740475e-05,1.9146323e-07,1.1812212e-08,2.498515e-07,1.3140664e-09,2.8748295e-06,2.7024337e-06,0.00043785284,Acoustic_guitar
Acoustic_guitar,7506dcc4.wav,0.99368215,1.05409e-08,3.6943945e-06,0.005889253,1.0385642e-05,3.369064e-06,3.0447325e-10,0.00032520457,7.719127e-05,8.811044e-06,Acoustic_guitar
Acoustic_guitar,c7846d27.wav,0.99777395,9.255008e-08,0.00011436872,3.6501388e-05,1.3955777e-06,0.0014603841,2.639224e-05,0.00020827817,5.992195e-08,0.0003785957,Acoustic_guitar
Acoustic_guitar,8da75280.wav,0.81323075,0.0004424412,0.045660313,0.02032335,0.11199955,0.0010971641,5.5228287e-07,0.0023097813,0.004593141,0.00034288445,Acoustic_guitar
Acoustic_guitar,b2261238.wav,0.9668161,9.455144e-06,0.0047358484,9.9427554e-05,3.417876e-05,0.002804998,0.0001419154,0.017667843,0.0075515276,0.00013874548,Acoustic_guitar
Acoustic_guitar,a6728901.wav,0.99996805,2.449142e-11,1.13050755e-05,3.2483e-09,5.5393496e-08,1.7030322e-06,2.4798001e-09,1.8681736e-07,8.745658e-12,1.8697514e-05,Acoustic_guitar
Acoustic_guitar,d8a257e5.wav,0.95057267,0.00079259294,0.008119221,0.00026846008,0.0014482684,0.0016899008,0.00011619963,0.0016704318,0.0023337721,0.032988567,Acoustic_guitar
Acoustic_guitar,160c92d7.wav,0.95771754,4.255545e-07,0.0012256864,4.027043e-05,8.1103906e-05,0.0015413101,2.2888379e-11,8.2515944e-05,3.019225e-06,0.039308224,Acoustic_guitar
Acoustic_guitar,17f82c05.wav,0.73068315,0.019245073,0.0950394,0.008088236,0.057997495,0.0008590613,0.00031337683,0.00037462686,0.020660121,0.06673946,Acoustic_guitar
Acoustic_guitar,fc55d588.wav,0.86431557,3.6026246e-05,0.025589751,0.004530684,0.0038267802,0.017841555,2.6153828e-07,0.017903715,0.04755406,0.018401438,Acoustic_guitar
Acoustic_guitar,9923ddf8.wav,0.9993057,6.328314e-15,3.1616402e-12,1.620153e-05,1.793883e-07,1.593636e-07,1.75004e-09,5.3822817e-09,5.390872e-11,0.00067769317,Acoustic_guitar
Acoustic_guitar,b88322f6.wav,0.9865497,0.00014665088,0.005708094,0.000116133415,0.001735235,0.0001987278,1.1936368e-07,0.00056559435,1.538941e-05,0.004964333,Acoustic_guitar
Acoustic_guitar,10da16fb.wav,0.9821964,3.8451596e-08,0.0022375763,3.2335472e-05,8.4994834e-05,0.00032348727,2.0421023e-10,6.774308e-05,6.7924325e-06,0.015050674,Acoustic_guitar
Acoustic_guitar,34747922.wav,0.9673629,8.272893e-08,0.0015004385,0.001217774,2.5397653e-06,0.026929798,0.0001291524,3.8526712e-05,0.00012861207,0.0026901655,Acoustic_guitar
Acoustic_guitar,55822aae.wav,0.9780321,6.036314e-05,0.015500831,0.0022499277,0.0019621854,0.0021465754,2.865006e-09,3.9983526e-05,3.4981222e-06,4.5829206e-06,Acoustic_guitar
Acoustic_guitar,0356dec7.wav,0.94731057,0.00032267108,0.0024670926,2.4819505e-05,0.0001855372,0.00016075725,0.0069635315,0.006855425,0.01355404,0.02215554,Acoustic_guitar
Acoustic_guitar,fa4d4a92.wav,0.8383546,5.1636645e-05,0.013519816,0.020291667,0.12555899,0.00022310339,2.3664313e-07,0.00014626709,0.0018353192,1.8508204e-05,Acoustic_guitar
Acoustic_guitar,38216fad.wav,0.9658709,0.011716225,0.0030023996,4.6514186e-05,0.0009380992,0.003101877,8.3492705e-06,0.00017614431,0.012006246,0.0031332492,Acoustic_guitar
Acoustic_guitar,e92bf0fa.wav,0.9956777,2.6508508e-07,0.001117716,2.2161188e-05,0.00037215522,0.0014585626,6.703889e-10,1.286279e-06,0.00011599548,0.001234299,Acoustic_guitar
Acoustic_guitar,35039ae1.wav,0.97331816,8.262922e-08,0.025444219,1.2526388e-06,1.0486399e-05,0.0008707871,1.1365854e-08,9.990879e-06,9.063185e-08,0.0003448597,Acoustic_guitar
Acoustic_guitar,44fb3eeb.wav,0.99554855,3.0456462e-12,0.002148336,1.3201746e-08,2.2265239e-08,0.0018334446,2.750903e-14,7.431871e-05,1.0007968e-09,0.00039537318,Acoustic_guitar
Acoustic_guitar,bb1f5874.wav,0.98997974,1.20683835e-05,0.00081120216,0.0003633377,0.0025483556,0.00032444275,7.8854055e-07,4.3556724e-05,0.0035597368,0.0023568426,Acoustic_guitar
Acoustic_guitar,32dee61b.wav,0.9389583,0.033388898,0.0071372543,9.176471e-05,0.004985308,0.00013923392,3.532205e-05,0.00025826323,8.4680185e-05,0.014920936,Acoustic_guitar
